{
    "root_group": {
        "name": "",
        "path": "",
        "id": "d41d8cd98f00b204e9800998ecf8427e",
        "groups": {},
        "checks": {
                "status was 200": {
                    "name": "status was 200",
                    "path": "::status was 200",
                    "id": "1461660757a913d4fb82ac4c5e1009de",
                    "passes": 22,
                    "fails": 0
                }
            }
    },
    "metrics": {
        "http_req_failed": {
            "passes": 0,
            "fails": 22,
            "value": 0
        },
        "http_req_sending": {
            "avg": 0.3690318181818182,
            "min": 0,
            "med": 0.2125,
            "max": 1.9933,
            "p(90)": 0.56873,
            "p(95)": 1.5387649999999993
        },
        "http_req_connecting": {
            "min": 0,
            "med": 0,
            "max": 707.9155,
            "p(90)": 503.9956200000002,
            "p(95)": 625.118925,
            "avg": 134.73911363636364
        },
        "vus": {
            "value": 2,
            "min": 1,
            "max": 9
        },
        "http_req_receiving": {
            "p(95)": 3015.2650049999997,
            "avg": 1107.3106181818184,
            "min": 145.1274,
            "med": 791.8263,
            "max": 3771.3987,
            "p(90)": 2768.2778100000005
        },
        "data_sent": {
            "count": 11130,
            "rate": 756.9334285958649
        },
        "vus_max": {
            "min": 10,
            "max": 10,
            "value": 10
        },
        "iteration_duration": {
            "p(95)": 6143.815145,
            "avg": 3353.772240909091,
            "min": 1395.8776,
            "med": 3041.59685,
            "max": 6925.6269,
            "p(90)": 5566.95654
        },
        "http_req_tls_handshaking": {
            "p(90)": 1092.6776200000008,
            "p(95)": 1125.711295,
            "avg": 334.46481363636366,
            "min": 0,
            "med": 0,
            "max": 2249.4104
        },
        "http_req_waiting": {
            "avg": 772.9390045454544,
            "min": 239.2515,
            "med": 697.616,
            "max": 2070.4201,
            "p(90)": 1441.749800000001,
            "p(95)": 1622.518885
        },
        "http_req_blocked": {
            "avg": 470.1259681818182,
            "min": 0,
            "med": 0,
            "max": 2957.3259,
            "p(90)": 1435.35003,
            "p(95)": 1631.0091899999998
        },
        "data_received": {
            "count": 1196774,
            "rate": 81390.67808395217
        },
        "iterations": {
            "count": 22,
            "rate": 1.4961846746728686
        },
        "http_req_duration": {
            "min": 395.2552,
            "med": 1707.917,
            "max": 4509.5151,
            "p(90)": 3693.5194600000013,
            "p(95)": 4441.714649999999,
            "avg": 1880.6186545454545
        },
        "http_req_duration{expected_response:true}": {
            "max": 4509.5151,
            "p(90)": 3693.5194600000013,
            "p(95)": 4441.714649999999,
            "avg": 1880.6186545454545,
            "min": 395.2552,
            "med": 1707.917
        },
        "http_reqs": {
            "count": 22,
            "rate": 1.4961846746728686
        },
        "checks": {
            "passes": 22,
            "fails": 0,
            "value": 1
        }
    }
}