{
    "root_group": {
        "checks": {
            "status was 200": {
                "id": "1461660757a913d4fb82ac4c5e1009de",
                "passes": 60,
                "fails": 0,
                "name": "status was 200",
                "path": "::status was 200"
            }
        },
        "name": "",
        "path": "",
        "id": "d41d8cd98f00b204e9800998ecf8427e",
        "groups": {}
    },
    "metrics": {
        "iterations": {
            "rate": 5.126403788781501,
            "count": 60
        },
        "http_req_blocked": {
            "avg": 38.83083500000001,
            "min": 0,
            "med": 0,
            "max": 247.2654,
            "p(90)": 230.9574,
            "p(95)": 232.5117
        },
        "vus": {
            "value": 3,
            "min": 3,
            "max": 10
        },
        "data_received": {
            "count": 3201210,
            "rate": 273511.58454475383
        },
        "http_req_connecting": {
            "max": 18.0138,
            "p(90)": 17.5025,
            "p(95)": 18.0081,
            "avg": 2.9149683333333334,
            "min": 0,
            "med": 0
        },
        "http_req_failed": {
            "passes": 0,
            "fails": 60,
            "value": 0
        },
        "vus_max": {
            "value": 10,
            "min": 10,
            "max": 10
        },
        "http_req_tls_handshaking": {
            "avg": 32.003948333333334,
            "min": 0,
            "med": 0,
            "max": 206.1663,
            "p(90)": 190.29770000000002,
            "p(95)": 190.899895
        },
        "http_reqs": {
            "count": 60,
            "rate": 5.126403788781501
        },
        "data_sent": {
            "count": 17894,
            "rate": 1528.8644899409364
        },
        "http_req_receiving": {
            "min": 0,
            "med": 79.61475,
            "max": 93.7998,
            "p(90)": 87.36754,
            "p(95)": 89.89423000000001,
            "avg": 55.27164333333333
        },
        "http_req_duration": {
            "p(95)": 1259.2002799999998,
            "avg": 754.7010216666669,
            "min": 197.7561,
            "med": 779.78655,
            "max": 1313.3605,
            "p(90)": 1182.56221
        },
        "http_req_duration{expected_response:true}": {
            "max": 1313.3605,
            "p(90)": 1182.56221,
            "p(95)": 1259.2002799999998,
            "avg": 754.7010216666669,
            "min": 197.7561,
            "med": 779.78655
        },
        "http_req_waiting": {
            "avg": 699.17241,
            "min": 196.7688,
            "med": 722.9265,
            "max": 1312.809,
            "p(90)": 1120.82591,
            "p(95)": 1205.74362
        },
        "checks": {
            "passes": 60,
            "fails": 0,
            "value": 1
        },
        "iteration_duration": {
            "avg": 1796.2786116666673,
            "min": 1198.1469,
            "med": 1805.8332,
            "max": 2386.47,
            "p(90)": 2258.7050799999997,
            "p(95)": 2296.96028
        },
        "http_req_sending": {
            "avg": 0.2569683333333333,
            "min": 0,
            "med": 0,
            "max": 1.4653,
            "p(90)": 0.6106,
            "p(95)": 0.633055
        }
    }
}